,0,1,2,3,4,median_p_value,corrected_p_value,Direction,Response
hsa-miR-30e-5p,7.198999617890584e-05,0.002639002622200117,0.018159685784745885,4.791922534140479e-05,0.00014426383765137263,0.00014426383765137263,0.020269069190017856,Increase,0
hsa-miR-503-5p,2.7022063395369645e-05,0.006368298916172899,0.01275304987920858,1.2545407090559561e-05,7.973297490877932e-05,7.973297490877932e-05,0.020269069190017856,Decrease,0
