,0,1,2,3,4,5,6,7,8,9,median_p_value,corrected_p_value,Direction,Response
hsa-miR-146a-5p,4.0988476117371443e-10,8.875088990789441e-07,6.779616286916153e-06,3.447013225851705e-08,2.705467360739738e-07,5.5068278039806184e-08,4.678805335842995e-07,6.690788373728194e-10,2.3312153353480044e-06,5.3471717003836536e-05,3.6921363482913663e-07,9.583414290890425e-05,Decrease,1
hsa-miR-425-3p,2.4283008973350424e-07,1.9762643913762762e-05,4.9477396980205775e-05,3.890703831237567e-09,9.608534121909422e-07,2.7380524002933284e-07,3.4719616214405003e-06,7.371785973613878e-08,4.0333367548029266e-07,0.0008619920033892303,6.820935438356175e-07,9.583414290890425e-05,Decrease,1
hsa-miR-24-3p,1.7266372203290727e-07,7.708478244674471e-06,0.002127542343679107,7.808631650864468e-09,7.741478054598389e-06,7.502737721264044e-07,1.3583788426816493e-05,1.0879257133240553e-06,5.481566004145019e-06,0.0006065823818167687,6.595022124409745e-06,0.0006177337389863794,Decrease,1
hsa-miR-146b-5p,8.927443766608112e-07,0.0008759145124344536,0.0004259813587406301,0.00012207214313427747,4.8830300942841256e-05,0.0007132817689708192,0.0007574310179462247,0.00032798312455257844,1.3538149790604423e-05,0.002092159454623799,0.0003769822416466043,0.01604483943019206,Decrease,1
hsa-miR-3074-5p,1.391596090899246e-06,0.0006443690949066451,0.044956689692996675,1.9710846145982586e-07,0.00020968677152617755,0.00013867591786022903,0.00040186017142930904,6.087800070056194e-05,0.0003540345652974087,0.009569158038807672,0.00028186066841179313,0.01604483943019206,Decrease,1
hsa-miR-3184-5p,4.178476064798736e-05,4.018442035367044e-05,0.00037814870359763754,0.003039767875154993,0.00024658972473536836,7.91277126149836e-05,0.04705807978931546,0.009446049480873001,0.0005354364596873197,0.0009912308454161586,0.0004567925816424786,0.01604483943019206,Increase,1
hsa-miR-423-3p,3.2971530801420755e-05,4.5695272153577115e-05,0.0003356160185377482,0.00254841969680986,0.00019633048408094274,6.865167160638265e-05,0.043614495586276836,0.007548481209432165,0.0004806500916242074,0.00087786240984187,0.00040813305508097784,0.01604483943019206,Increase,1
hsa-miR-503-5p,0.0004504065997406648,0.0032878814519064045,0.0003601325267481205,1.0903921296365482e-08,0.0005754185168469715,6.884885659736081e-05,0.00013685466113056495,0.00034426137363621377,0.0006030904853477014,0.04405034090029857,0.0004052695632443926,0.01604483943019206,Decrease,1
