,0,1,2,3,4,5,6,7,8,9,median_p_value,corrected_p_value,Direction,Response
hsa-miR-503-5p,0.0004710946294741737,0.00017757938567827193,6.519467954938291e-06,1.100435528743329e-05,0.00013591664287551078,6.2070273655213285e-06,0.00011307903996063515,9.812907518308283e-06,1.6607276331470032e-06,5.723707101784202e-05,3.412071315263766e-05,0.009587920395891182,Decrease,0
hsa-miR-451b,1.451586876339522e-05,0.00019585566225000732,0.0009925033038791656,0.0001484320093430905,3.833292880710449e-05,1.6391194284967072e-06,6.178974598271668e-06,0.0002430299323018076,0.00123257214083337,9.409771978045643e-05,0.00012126486456177346,0.017037713470929174,Increase,0
hsa-miR-425-3p,0.0002502970178405596,0.0009885011052087076,0.005032078506928289,0.00024812904724764073,0.0044800839685639905,0.00022529439331904784,0.0007306948876313793,1.1446281588401632e-05,2.9245363187996843e-05,0.003223442966691771,0.0004904959527359694,0.04594312090626913,Decrease,0
